,0
0,삼성전자
1,LG에너지솔루션
2,SK하이닉스
3,NAVER
4,삼성바이오로직스
5,카카오
6,현대차
7,삼성SDI
8,LG화학
9,기아
10,카카오뱅크
11,셀트리온
12,POSCO
13,KB금융
14,삼성물산
15,LG전자
16,신한지주
17,현대모비스
18,카카오페이
19,SK이노베이션
20,SK
21,한국전력
22,HMM
23,하나금융지주
24,크래프톤
25,두산중공업
26,LG생활건강
27,SK텔레콤
28,삼성생명
29,하이브
30,삼성전기
31,KT&G
32,LG
33,고려아연
34,삼성에스디에스
35,우리금융지주
36,SK바이오사이언스
37,대한항공
38,현대중공업
39,엔씨소프트
40,넷마블
41,S-Oil
42,아모레퍼시픽
43,삼성화재
44,KT
45,LG이노텍
46,기업은행
47,SK아이이테크놀로지
48,포스코케미칼
49,SK스퀘어
50,SK바이오팜
51,롯데케미칼
52,LG디스플레이
53,한화솔루션
54,한국조선해양
55,현대글로비스
56,LG유플러스
57,한온시스템
58,강원랜드
59,현대건설
60,삼성엔지니어링
61,현대제철
62,CJ제일제당
63,미래에셋증권
64,코웨이
65,삼성중공업
66,SKC
67,메리츠금융지주
68,금호석유
69,유한양행
70,한국금융지주
71,DB손해보험
72,한국타이어앤테크놀로지
73,현대중공업지주
74,쌍용C&E
75,GS건설
76,메리츠증권
77,팬오션
78,일진머티리얼즈
79,두산밥캣
80,이마트
81,한국가스공사
82,삼성카드
83,GS
84,한국항공우주
85,삼성증권
86,아모레G
87,한진칼
88,한전기술
89,NH투자증권
90,한미약품
91,오리온
92,롯데지주
93,현대미포조선
94,호텔신라
95,CJ대한통운
96,DB하이텍
97,한화시스템
98,BGF리테일
99,GS리테일
100,대우건설
101,한미사이언스
102,KCC
103,한화에어로스페이스
104,동서
105,포스코인터내셔널
106,두산퓨얼셀
107,하이트진로
108,현대해상
109,씨에스윈드
110,OCI
111,제일기획
112,에스원
113,대우조선해양
114,롯데쇼핑
115,DL이앤씨
116,신세계
117,한화생명
118,BNK금융지주
119,키움증권
120,CJ
121,한화
122,녹십자
123,한솔케미칼
124,효성첨단소재
125,현대로템
126,한샘
127,신풍제약
128,만도
129,효성티앤씨
130,롯데정밀화학
131,휠라홀딩스
132,영원무역
133,SK케미칼
134,두산
135,대웅제약
136,한전KPS
137,대웅
138,현대백화점
139,효성
140,아이에스동서
141,농심
142,LS
143,LIG넥스원
144,현대위아
145,후성
146,동원시스템즈
147,동국제강
148,코오롱인더
149,오뚜기
150,아시아나항공
151,현대엘리베이
152,롯데칠성
153,LS ELECTRIC
154,현대두산인프라코어
155,PI첨단소재
156,롯데관광개발
157,한국앤컴퍼니
158,DL
159,영풍
160,대한전선
161,지누스
162,명신산업
163,LX인터내셔널
164,종근당
165,금호타이어
166,SK네트웍스
167,태광산업
168,CJ CGV
169,에스엘
170,HDC현대산업개발
171,녹십자홀딩스
172,KG동부제철
173,신세계인터내셔날
174,대한유화
175,영진약품
176,한올바이오파마
177,한세실업
178,한국콜마
179,더블유게임즈
180,GKL
181,풍산
182,부광약품
183,보령제약
184,휴켐스
185,화승엔터프라이즈
186,코스맥스
187,오리온홀딩스
188,세방전지
189,한섬
190,쿠쿠홈시스
191,현대그린푸드
192,동원산업
193,대상
194,SK디스커버리
195,현대홈쇼핑
196,삼양홀딩스
197,쿠쿠홀딩스
198,SNT모티브
199,넥센타이어
